[
    {
        "pk": 3, 
        "model": "auth.user", 
        "fields": {
            "username": "-topsy_twitter_coffee", 
            "first_name": "", 
            "last_name": "", 
            "is_active": true, 
            "is_superuser": false, 
            "is_staff": false, 
            "last_login": "2012-08-19T18:07:03.300", 
            "groups": [], 
            "user_permissions": [], 
            "password": "!", 
            "email": "dudarev@gmail.com", 
            "date_joined": "2012-08-19T18:07:03.300"
        }
    }, 
    {
        "pk": 4, 
        "model": "auth.user", 
        "fields": {
            "username": "-imgur", 
            "first_name": "", 
            "last_name": "", 
            "is_active": true, 
            "is_superuser": false, 
            "is_staff": false, 
            "last_login": "2012-08-19T18:07:03.311", 
            "groups": [], 
            "user_permissions": [], 
            "password": "!", 
            "email": "dudarev@gmail.com", 
            "date_joined": "2012-08-19T18:07:03.311"
        }
    }, 
    {
        "pk": 5, 
        "model": "auth.user", 
        "fields": {
            "username": "-topsy_plus", 
            "first_name": "", 
            "last_name": "", 
            "is_active": true, 
            "is_superuser": false, 
            "is_staff": false, 
            "last_login": "2012-08-19T18:07:03.325", 
            "groups": [], 
            "user_permissions": [], 
            "password": "!", 
            "email": "dudarev@gmail.com", 
            "date_joined": "2012-08-19T18:07:03.325"
        }
    }, 
    {
        "pk": 2, 
        "model": "bots.bot", 
        "fields": {
            "url": "http://otter.topsy.com/searchdate.rss?q=gif&window=h", 
            "source": "topsy", 
            "last_run_at": "2012-08-19T18:10:39.706", 
            "user": 5, 
            "name": "-topsy_plus"
        }
    }, 
    {
        "pk": 3, 
        "model": "bots.bot", 
        "fields": {
            "url": "http://otter.topsy.com/searchdate.rss?q=gif%20coffee&window=d20", 
            "source": "topsy", 
            "last_run_at": "2012-08-19T18:11:38.238", 
            "user": 3, 
            "name": "-topsy_twitter_coffee"
        }
    }, 
    {
        "pk": 4, 
        "model": "bots.bot", 
        "fields": {
            "url": "http://feeds.feedburner.com/ImgurGallery?format=xml", 
            "source": "", 
            "last_run_at": "2012-08-19T18:12:36.217", 
            "user": 4, 
            "name": "-imgur"
        }
    }, 
    {
        "pk": 1, 
        "model": "core.post", 
        "fields": {
            "time_added": "2012-08-19T18:08:42.721", 
            "gif_url": "https://dl.dropbox.com/u/882890/Awesome%20Pictures/infinite%20coffee%20stirring.gif", 
            "user": 3
        }
    }, 
    {
        "pk": 2, 
        "model": "core.post", 
        "fields": {
            "time_added": "2012-08-19T18:08:42.746", 
            "gif_url": "http://24.media.tumblr.com/tumblr_m5pr8eJJXA1qdgsano1_500.gif", 
            "user": 3
        }
    }, 
    {
        "pk": 3, 
        "model": "core.post", 
        "fields": {
            "time_added": "2012-08-19T18:08:42.757", 
            "gif_url": "http://uberhumor.com/wp-content/uploads/2012/08/0v1cR.gif", 
            "user": 3
        }
    }, 
    {
        "pk": 4, 
        "model": "core.post", 
        "fields": {
            "time_added": "2012-08-19T18:08:42.768", 
            "gif_url": "http://gifsoup.com/webroot/animatedgifs2/1707038_o.gif", 
            "user": 3
        }
    }, 
    {
        "pk": 5, 
        "model": "core.post", 
        "fields": {
            "time_added": "2012-08-19T18:08:42.779", 
            "gif_url": "http://jimmartin.typepad.com/photos/uncategorized/coffee_cup2_1.gif", 
            "user": 3
        }
    }, 
    {
        "pk": 6, 
        "model": "core.post", 
        "fields": {
            "time_added": "2012-08-19T18:08:42.790", 
            "gif_url": "http://img.myconfinedspace.com/wp-content/uploads/tdomf-2/439127/yxsJY.gif", 
            "user": 3
        }
    }, 
    {
        "pk": 7, 
        "model": "core.post", 
        "fields": {
            "time_added": "2012-08-19T18:08:42.801", 
            "gif_url": "http://www.almightydad.com/wp-content/uploads/2010/01/garfield_coffee_picture.gif", 
            "user": 3
        }
    }, 
    {
        "pk": 8, 
        "model": "core.post", 
        "fields": {
            "time_added": "2012-08-19T18:08:42.812", 
            "gif_url": "http://i.imgur.com/uhWh2.gif", 
            "user": 3
        }
    }, 
    {
        "pk": 9, 
        "model": "core.post", 
        "fields": {
            "time_added": "2012-08-19T18:08:42.823", 
            "gif_url": "http://i46.tinypic.com/w8mcch.gif", 
            "user": 3
        }
    }, 
    {
        "pk": 10, 
        "model": "core.post", 
        "fields": {
            "time_added": "2012-08-19T18:08:42.834", 
            "gif_url": "http://dc142.4shared.com/img/jogNZzhx/s3/hot-coffee.gif", 
            "user": 3
        }
    }, 
    {
        "pk": 11, 
        "model": "core.post", 
        "fields": {
            "time_added": "2012-08-19T18:08:42.845", 
            "gif_url": "http://i.imgur.com/F51ZU.gif", 
            "user": 3
        }
    }, 
    {
        "pk": 12, 
        "model": "core.post", 
        "fields": {
            "time_added": "2012-08-19T18:08:42.856", 
            "gif_url": "http://p.twimg.com/A0SyGPwCYAAMhj2.gif", 
            "user": 3
        }
    }, 
    {
        "pk": 13, 
        "model": "core.post", 
        "fields": {
            "time_added": "2012-08-19T18:08:42.867", 
            "gif_url": "http://i.imgur.com/oSvBE.gif", 
            "user": 3
        }
    }, 
    {
        "pk": 14, 
        "model": "core.post", 
        "fields": {
            "time_added": "2012-08-19T18:08:42.878", 
            "gif_url": "http://24.media.tumblr.com/tumblr_m8llqueGOd1rr8uo0o1_500.gif", 
            "user": 3
        }
    }, 
    {
        "pk": 15, 
        "model": "core.post", 
        "fields": {
            "time_added": "2012-08-19T18:08:42.889", 
            "gif_url": "http://i.imgur.com/uJf0A.gif", 
            "user": 3
        }
    }, 
    {
        "pk": 16, 
        "model": "core.post", 
        "fields": {
            "time_added": "2012-08-19T18:08:42.900", 
            "gif_url": "http://www.cleancutmedia.com/wp-content/uploads/2012/02/Cinemagraphs-Expresso-Coffee.gif", 
            "user": 3
        }
    }, 
    {
        "pk": 17, 
        "model": "core.post", 
        "fields": {
            "time_added": "2012-08-19T18:08:42.912", 
            "gif_url": "http://ww4.sinaimg.cn/large/63ec7563gw1dw1aa1juihg.gif", 
            "user": 3
        }
    }, 
    {
        "pk": 18, 
        "model": "core.post", 
        "fields": {
            "time_added": "2012-08-19T18:08:42.922", 
            "gif_url": "http://chzgifs.files.wordpress.com/2012/08/funny-gifs-two-girls-one-coffee-cup.gif", 
            "user": 3
        }
    }, 
    {
        "pk": 19, 
        "model": "core.post", 
        "fields": {
            "time_added": "2012-08-19T18:08:42.933", 
            "gif_url": "http://media.tumblr.com/tumblr_m7u5mqvGx31r8ok37.gif", 
            "user": 3
        }
    }, 
    {
        "pk": 20, 
        "model": "core.post", 
        "fields": {
            "time_added": "2012-08-19T18:08:42.944", 
            "gif_url": "http://i1.kym-cdn.com/photos/images/newsfeed/000/229/041/69b.gif", 
            "user": 3
        }
    }, 
    {
        "pk": 21, 
        "model": "core.post", 
        "fields": {
            "time_added": "2012-08-19T18:08:42.955", 
            "gif_url": "http://25.media.tumblr.com/tumblr_m68nt3re1f1qidbb0o1_250.gif", 
            "user": 3
        }
    }, 
    {
        "pk": 22, 
        "model": "core.post", 
        "fields": {
            "time_added": "2012-08-19T18:08:42.966", 
            "gif_url": "http://share.gif", 
            "user": 3
        }
    }, 
    {
        "pk": 23, 
        "model": "core.post", 
        "fields": {
            "time_added": "2012-08-19T18:08:42.977", 
            "gif_url": "http://i.imgur.com/oVZ2s.gif", 
            "user": 3
        }
    }, 
    {
        "pk": 24, 
        "model": "core.post", 
        "fields": {
            "time_added": "2012-08-19T18:08:42.988", 
            "gif_url": "http://25.media.tumblr.com/tumblr_m8ru3hksye1rdhsmgo1_500.gif", 
            "user": 3
        }
    }, 
    {
        "pk": 25, 
        "model": "core.post", 
        "fields": {
            "time_added": "2012-08-19T18:08:42.999", 
            "gif_url": "http://i.imgur.com/85oDx.gif", 
            "user": 3
        }
    }, 
    {
        "pk": 26, 
        "model": "core.post", 
        "fields": {
            "time_added": "2012-08-19T18:08:43.010", 
            "gif_url": "http://i.minus.com/irpVAwfuBlfpR.gif", 
            "user": 3
        }
    }, 
    {
        "pk": 27, 
        "model": "core.post", 
        "fields": {
            "time_added": "2012-08-19T18:08:43.087", 
            "gif_url": "http://i.imgur.com/Dypem.gif", 
            "user": 3
        }
    }, 
    {
        "pk": 28, 
        "model": "core.post", 
        "fields": {
            "time_added": "2012-08-19T18:08:43.098", 
            "gif_url": "http://i.imgur.com/Q1v5I.gif", 
            "user": 3
        }
    }, 
    {
        "pk": 29, 
        "model": "core.post", 
        "fields": {
            "time_added": "2012-08-19T18:09:35.609", 
            "gif_url": "http://i.imgur.com/6PyMT.gif", 
            "user": 4
        }
    }, 
    {
        "pk": 30, 
        "model": "core.post", 
        "fields": {
            "time_added": "2012-08-19T18:09:35.625", 
            "gif_url": "http://i.imgur.com/0mssT.gif", 
            "user": 4
        }
    }, 
    {
        "pk": 31, 
        "model": "core.post", 
        "fields": {
            "time_added": "2012-08-19T18:09:35.635", 
            "gif_url": "http://i.imgur.com/Cl4bO.gif", 
            "user": 4
        }
    }, 
    {
        "pk": 32, 
        "model": "core.post", 
        "fields": {
            "time_added": "2012-08-19T18:09:35.646", 
            "gif_url": "http://i.imgur.com/NpvZZ.gif", 
            "user": 4
        }
    }, 
    {
        "pk": 33, 
        "model": "core.post", 
        "fields": {
            "time_added": "2012-08-19T18:09:35.657", 
            "gif_url": "http://i.imgur.com/3gpni.gif", 
            "user": 4
        }
    }, 
    {
        "pk": 34, 
        "model": "core.post", 
        "fields": {
            "time_added": "2012-08-19T18:10:39.069", 
            "gif_url": "http://media.tumblr.com/tumblr_m1xc2g46pj1r676dc.gif", 
            "user": 5
        }
    }, 
    {
        "pk": 35, 
        "model": "core.post", 
        "fields": {
            "time_added": "2012-08-19T18:10:39.177", 
            "gif_url": "http://25.media.tumblr.com/tumblr_m90xe7UWDT1rqmpumo1_500.gif", 
            "user": 5
        }
    }, 
    {
        "pk": 36, 
        "model": "core.post", 
        "fields": {
            "time_added": "2012-08-19T18:10:39.189", 
            "gif_url": "http://24.media.tumblr.com/tumblr_m90vyffajO1rcnzt5o1_500.gif", 
            "user": 5
        }
    }, 
    {
        "pk": 37, 
        "model": "core.post", 
        "fields": {
            "time_added": "2012-08-19T18:10:39.200", 
            "gif_url": "http://24.media.tumblr.com/tumblr_m90xstrAUE1r8cxk1o1_500.gif", 
            "user": 5
        }
    }, 
    {
        "pk": 38, 
        "model": "core.post", 
        "fields": {
            "time_added": "2012-08-19T18:10:39.211", 
            "gif_url": "http://24.media.tumblr.com/tumblr_m90tpt4iuV1qd2k1no1_250.gif", 
            "user": 5
        }
    }, 
    {
        "pk": 39, 
        "model": "core.post", 
        "fields": {
            "time_added": "2012-08-19T18:10:39.222", 
            "gif_url": "http://24.media.tumblr.com/tumblr_m90tpt4iuV1qd2k1no2_250.gif", 
            "user": 5
        }
    }, 
    {
        "pk": 40, 
        "model": "core.post", 
        "fields": {
            "time_added": "2012-08-19T18:10:39.233", 
            "gif_url": "http://24.media.tumblr.com/tumblr_m90vchoVU61rdmipao2_500.gif", 
            "user": 5
        }
    }, 
    {
        "pk": 41, 
        "model": "core.post", 
        "fields": {
            "time_added": "2012-08-19T18:10:39.244", 
            "gif_url": "http://24.media.tumblr.com/tumblr_m90yb9KCXH1ra0k1ao1_400.gif", 
            "user": 5
        }
    }, 
    {
        "pk": 42, 
        "model": "core.post", 
        "fields": {
            "time_added": "2012-08-19T18:10:39.255", 
            "gif_url": "http://media.tumblr.com/tumblr_m1reufzl9f1r676dc.gif", 
            "user": 5
        }
    }, 
    {
        "pk": 43, 
        "model": "core.post", 
        "fields": {
            "time_added": "2012-08-19T18:10:39.266", 
            "gif_url": "http://media.tumblr.com/tumblr_m13l7nvMbp1r676dc.gif", 
            "user": 5
        }
    }, 
    {
        "pk": 44, 
        "model": "core.post", 
        "fields": {
            "time_added": "2012-08-19T18:10:39.277", 
            "gif_url": "http://24.media.tumblr.com/tumblr_m90qy4vJbJ1repe6mo1_500.gif", 
            "user": 5
        }
    }, 
    {
        "pk": 45, 
        "model": "core.post", 
        "fields": {
            "time_added": "2012-08-19T18:10:39.287", 
            "gif_url": "http://25.media.tumblr.com/tumblr_m90w6xfRzc1qcz3x4o1_500.gif", 
            "user": 5
        }
    }, 
    {
        "pk": 46, 
        "model": "core.post", 
        "fields": {
            "time_added": "2012-08-19T18:10:39.298", 
            "gif_url": "http://media.tumblr.com/tumblr_m20xxreoKk1r676dc.gif", 
            "user": 5
        }
    }, 
    {
        "pk": 47, 
        "model": "core.post", 
        "fields": {
            "time_added": "2012-08-19T18:10:39.310", 
            "gif_url": "http://media.tumblr.com/tumblr_m26sdzq9XC1r676dc.gif", 
            "user": 5
        }
    }, 
    {
        "pk": 48, 
        "model": "core.post", 
        "fields": {
            "time_added": "2012-08-19T18:10:39.321", 
            "gif_url": "http://25.media.tumblr.com/tumblr_m90yfm8DJw1qfug0qo1_500.gif", 
            "user": 5
        }
    }, 
    {
        "pk": 49, 
        "model": "core.post", 
        "fields": {
            "time_added": "2012-08-19T18:10:39.332", 
            "gif_url": "http://p.twimg.com/A0sZNyFCcAAgh2F.gif", 
            "user": 5
        }
    }, 
    {
        "pk": 50, 
        "model": "core.post", 
        "fields": {
            "time_added": "2012-08-19T18:10:39.343", 
            "gif_url": "http://media.tumblr.com/tumblr_m90op9YAev1r0qrz0.gif", 
            "user": 5
        }
    }, 
    {
        "pk": 51, 
        "model": "core.post", 
        "fields": {
            "time_added": "2012-08-19T18:10:39.354", 
            "gif_url": "http://images4.wikia.nocookie.net/__cb57089/victorious/images/0/0e/Tumblr_lqpf0cmi5M1qhq1zgo4_500.gif", 
            "user": 5
        }
    }, 
    {
        "pk": 52, 
        "model": "core.post", 
        "fields": {
            "time_added": "2012-08-19T18:10:39.365", 
            "gif_url": "http://24.media.tumblr.com/tumblr_m90yf5IwxC1qcuk4to1_500.gif", 
            "user": 5
        }
    }, 
    {
        "pk": 53, 
        "model": "core.post", 
        "fields": {
            "time_added": "2012-08-19T18:10:39.375", 
            "gif_url": "http://media.tumblr.com/tumblr_m04ij3rtip1r676dc.gif", 
            "user": 5
        }
    }, 
    {
        "pk": 54, 
        "model": "core.post", 
        "fields": {
            "time_added": "2012-08-19T18:10:39.387", 
            "gif_url": "http://25.media.tumblr.com/tumblr_m4n8j32T8s1rv550go1_500.gif", 
            "user": 5
        }
    }, 
    {
        "pk": 55, 
        "model": "core.post", 
        "fields": {
            "time_added": "2012-08-19T18:10:39.453", 
            "gif_url": "http://media.tumblr.com/tumblr_m0ksdxONeF1r676dc.gif", 
            "user": 5
        }
    }, 
    {
        "pk": 56, 
        "model": "core.post", 
        "fields": {
            "time_added": "2012-08-19T18:10:39.464", 
            "gif_url": "http://24.media.tumblr.com/tumblr_m90unfxi8h1rtyd47o1_500.gif", 
            "user": 5
        }
    }, 
    {
        "pk": 57, 
        "model": "core.post", 
        "fields": {
            "time_added": "2012-08-19T18:10:39.475", 
            "gif_url": "http://25.media.tumblr.com/tumblr_m90tpt4iuV1qd2k1no6_250.gif", 
            "user": 5
        }
    }, 
    {
        "pk": 58, 
        "model": "core.post", 
        "fields": {
            "time_added": "2012-08-19T18:10:39.486", 
            "gif_url": "http://24.media.tumblr.com/tumblr_m8wr01ofWf1qdwptjo1_500.gif", 
            "user": 5
        }
    }, 
    {
        "pk": 59, 
        "model": "core.post", 
        "fields": {
            "time_added": "2012-08-19T18:10:39.497", 
            "gif_url": "http://data.whicdn.com/images/35300214/tumblr_m90rrqzlyt1qg9mlbo1_500_large.gif", 
            "user": 5
        }
    }, 
    {
        "pk": 60, 
        "model": "core.post", 
        "fields": {
            "time_added": "2012-08-19T18:10:39.508", 
            "gif_url": "http://25.media.tumblr.com/tumblr_m90yrscyNx1rbinjyo1_500.gif", 
            "user": 5
        }
    }, 
    {
        "pk": 61, 
        "model": "core.post", 
        "fields": {
            "time_added": "2012-08-19T18:10:39.519", 
            "gif_url": "http://25.media.tumblr.com/tumblr_m90soe3xNo1r07hm1o6_250.gif", 
            "user": 5
        }
    }, 
    {
        "pk": 62, 
        "model": "core.post", 
        "fields": {
            "time_added": "2012-08-19T18:10:39.530", 
            "gif_url": "http://24.media.tumblr.com/tumblr_m90vf97DjC1r415mjo3_250.gif", 
            "user": 5
        }
    }, 
    {
        "pk": 63, 
        "model": "core.post", 
        "fields": {
            "time_added": "2012-08-19T18:10:39.541", 
            "gif_url": "http://24.media.tumblr.com/tumblr_m4lkzpYvZ71qif2vso3_250.gif", 
            "user": 5
        }
    }, 
    {
        "pk": 64, 
        "model": "core.post", 
        "fields": {
            "time_added": "2012-08-19T18:10:39.552", 
            "gif_url": "http://media.tumblr.com/tumblr_m3oo0ayeCQ1r676dc.gif", 
            "user": 5
        }
    }, 
    {
        "pk": 65, 
        "model": "core.post", 
        "fields": {
            "time_added": "2012-08-19T18:10:39.563", 
            "gif_url": "http://d8.e-loader.net/Sgp164jdKq.gif", 
            "user": 5
        }
    }, 
    {
        "pk": 66, 
        "model": "core.post", 
        "fields": {
            "time_added": "2012-08-19T18:10:39.574", 
            "gif_url": "http://p.twimg.com/A0seUAaCQAIjc50.gif", 
            "user": 5
        }
    }, 
    {
        "pk": 67, 
        "model": "core.post", 
        "fields": {
            "time_added": "2012-08-19T18:10:39.585", 
            "gif_url": "http://img412.imageshack.us/img412/6679/9db0ed25124310446601427.gif", 
            "user": 5
        }
    }, 
    {
        "pk": 68, 
        "model": "core.post", 
        "fields": {
            "time_added": "2012-08-19T18:10:39.596", 
            "gif_url": "http://media.tumblr.com/tumblr_m1e9eaiCbs1r676dc.gif", 
            "user": 5
        }
    }, 
    {
        "pk": 69, 
        "model": "core.post", 
        "fields": {
            "time_added": "2012-08-19T18:10:39.607", 
            "gif_url": "http://media.tumblr.com/tumblr_m09ydi5Cmx1r676dc.gif", 
            "user": 5
        }
    }, 
    {
        "pk": 70, 
        "model": "core.post", 
        "fields": {
            "time_added": "2012-08-19T18:10:39.618", 
            "gif_url": "http://24.media.tumblr.com/tumblr_m90yodmltV1r6fm6zo1_500.gif", 
            "user": 5
        }
    }, 
    {
        "pk": 71, 
        "model": "core.post", 
        "fields": {
            "time_added": "2012-08-19T18:10:39.629", 
            "gif_url": "http://24.media.tumblr.com/tumblr_m90ynfJxJw1rbinjyo1_r1_500.gif", 
            "user": 5
        }
    }, 
    {
        "pk": 72, 
        "model": "core.post", 
        "fields": {
            "time_added": "2012-08-19T18:10:39.640", 
            "gif_url": "http://24.media.tumblr.com/tumblr_m90wjfScAi1rxyf78o1_500.gif", 
            "user": 5
        }
    }, 
    {
        "pk": 73, 
        "model": "core.post", 
        "fields": {
            "time_added": "2012-08-19T18:10:39.651", 
            "gif_url": "http://media.tumblr.com/tumblr_m0liovjmrd1r676dc.gif", 
            "user": 5
        }
    }, 
    {
        "pk": 74, 
        "model": "core.post", 
        "fields": {
            "time_added": "2012-08-19T18:10:39.662", 
            "gif_url": "http://media.tumblr.com/tumblr_m26s3eiKJ81r676dc.gif", 
            "user": 5
        }
    }, 
    {
        "pk": 75, 
        "model": "core.post", 
        "fields": {
            "time_added": "2012-08-19T18:10:39.673", 
            "gif_url": "http://media.tumblr.com/tumblr_m04mfimV8A1r676dc.gif", 
            "user": 5
        }
    }, 
    {
        "pk": 76, 
        "model": "core.post", 
        "fields": {
            "time_added": "2012-08-19T18:10:39.684", 
            "gif_url": "http://25.media.tumblr.com/tumblr_m90w24dSAW1rdbpp6o1_500.gif", 
            "user": 5
        }
    }, 
    {
        "pk": 77, 
        "model": "core.post", 
        "fields": {
            "time_added": "2012-08-19T18:10:39.695", 
            "gif_url": "http://media.tumblr.com/tumblr_m8yqy3a3q91qg3gfw.gif", 
            "user": 5
        }
    }
]
